{
  "apps\\web_v2\\next-env.d.ts": 1775864827.3890598,
  "apps\\web_v2\\next.config.ts": 1775668093.8429334,
  "apps\\web_v2\\proxy.ts": 1775854104.3037236,
  "apps\\web_v2\\app\\layout.tsx": 1775851116.4979382,
  "apps\\web_v2\\app\\page.tsx": 1775752145.096224,
  "apps\\web_v2\\app\\(app)\\layout.tsx": 1775820350.328236,
  "apps\\web_v2\\app\\(app)\\projects\\page.tsx": 1775752173.446424,
  "apps\\web_v2\\app\\(app)\\projects\\[slug]\\layout.tsx": 1775820294.1995466,
  "apps\\web_v2\\app\\(app)\\projects\\[slug]\\page.tsx": 1775820053.2879522,
  "apps\\web_v2\\app\\(app)\\projects\\[slug]\\testimonials\\page.tsx": 1775819039.3686273,
  "apps\\web_v2\\app\\(app)\\welcome\\page.tsx": 1775859607.8887546,
  "apps\\web_v2\\app\\(app)\\welcome\\_welcome-flow.tsx": 1775864774.1603892,
  "apps\\web_v2\\app\\(auth)\\layout.tsx": 1775864697.6813552,
  "apps\\web_v2\\app\\(auth)\\sign-in\\[[...sign-in]]\\page.tsx": 1775854152.9293635,
  "apps\\web_v2\\app\\(auth)\\sign-in\\[[...sign-in]]\\_form.tsx": 1775864654.815351,
  "apps\\web_v2\\app\\(auth)\\sign-up\\[[...sign-up]]\\page.tsx": 1775854217.0901766,
  "apps\\web_v2\\app\\(auth)\\sign-up\\[[...sign-up]]\\_form.tsx": 1775864597.9164028,
  "apps\\web_v2\\app\\(auth)\\sso-callback\\page.tsx": 1775859093.0185173,
  "apps\\web_v2\\app\\design\\design-content.tsx": 1775671138.166068,
  "apps\\web_v2\\app\\design\\page.tsx": 1775671590.85196,
  "apps\\web_v2\\app\\design\\theme-toggle.tsx": 1775670973.5275996,
  "apps\\web_v2\\components\\nav\\app-footer.tsx": 1775820344.7571194,
  "apps\\web_v2\\components\\nav\\app-topbar.tsx": 1775851888.1557248,
  "apps\\web_v2\\components\\nav\\project-sidebar.tsx": 1775820612.3016,
  "apps\\web_v2\\components\\projects\\projects-client.tsx": 1775818981.1860921,
  "apps\\web_v2\\components\\providers\\query-provider.tsx": 1775851106.4829016,
  "apps\\web_v2\\components\\providers\\theme-provider.tsx": 1775669235.062708,
  "apps\\web_v2\\components\\testimonials\\testimonials-client.tsx": 1775756059.8968449,
  "apps\\web_v2\\components\\ui\\accordion.tsx": 1775668256.0965724,
  "apps\\web_v2\\components\\ui\\alert-dialog.tsx": 1775668260.8994074,
  "apps\\web_v2\\components\\ui\\alert.tsx": 1775668256.2200992,
  "apps\\web_v2\\components\\ui\\aspect-ratio.tsx": 1775668256.314855,
  "apps\\web_v2\\components\\ui\\avatar.tsx": 1775668256.4228196,
  "apps\\web_v2\\components\\ui\\badge.tsx": 1775668256.5132449,
  "apps\\web_v2\\components\\ui\\breadcrumb.tsx": 1775668256.6323109,
  "apps\\web_v2\\components\\ui\\button-group.tsx": 1775668262.1330388,
  "apps\\web_v2\\components\\ui\\button.tsx": 1775668151.735731,
  "apps\\web_v2\\components\\ui\\calendar.tsx": 1775672307.3277812,
  "apps\\web_v2\\components\\ui\\card.tsx": 1775668256.8320453,
  "apps\\web_v2\\components\\ui\\carousel.tsx": 1775668261.411991,
  "apps\\web_v2\\components\\ui\\chart.tsx": 1775668256.9628055,
  "apps\\web_v2\\components\\ui\\checkbox.tsx": 1775668257.0771153,
  "apps\\web_v2\\components\\ui\\collapsible.tsx": 1775668257.1654515,
  "apps\\web_v2\\components\\ui\\combobox.tsx": 1775668263.3056066,
  "apps\\web_v2\\components\\ui\\command.tsx": 1775668263.5062554,
  "apps\\web_v2\\components\\ui\\context-menu.tsx": 1775668257.312341,
  "apps\\web_v2\\components\\ui\\copy-button.tsx": 1775752069.5142176,
  "apps\\web_v2\\components\\ui\\dialog.tsx": 1775668261.8153749,
  "apps\\web_v2\\components\\ui\\direction.tsx": 1775668257.4086304,
  "apps\\web_v2\\components\\ui\\drawer.tsx": 1775668257.5112982,
  "apps\\web_v2\\components\\ui\\dropdown-menu.tsx": 1775668257.6454582,
  "apps\\web_v2\\components\\ui\\empty.tsx": 1775668257.744571,
  "apps\\web_v2\\components\\ui\\field.tsx": 1775668262.3104975,
  "apps\\web_v2\\components\\ui\\hover-card.tsx": 1775668257.8618677,
  "apps\\web_v2\\components\\ui\\input-group.tsx": 1775668262.6213613,
  "apps\\web_v2\\components\\ui\\input-otp.tsx": 1775668258.0596552,
  "apps\\web_v2\\components\\ui\\input.tsx": 1775668257.9563165,
  "apps\\web_v2\\components\\ui\\item.tsx": 1775668262.4575043,
  "apps\\web_v2\\components\\ui\\kbd.tsx": 1775668258.154916,
  "apps\\web_v2\\components\\ui\\label.tsx": 1775668258.2640574,
  "apps\\web_v2\\components\\ui\\menubar.tsx": 1775668258.4114919,
  "apps\\web_v2\\components\\ui\\native-select.tsx": 1775668258.52241,
  "apps\\web_v2\\components\\ui\\navigation-menu.tsx": 1775668258.6348567,
  "apps\\web_v2\\components\\ui\\pagination.tsx": 1775668261.6530492,
  "apps\\web_v2\\components\\ui\\popover.tsx": 1775668258.7636254,
  "apps\\web_v2\\components\\ui\\progress.tsx": 1775668258.887231,
  "apps\\web_v2\\components\\ui\\radio-group.tsx": 1775668258.987559,
  "apps\\web_v2\\components\\ui\\scroll-area.tsx": 1775668259.2082622,
  "apps\\web_v2\\components\\ui\\select.tsx": 1775668259.3415666,
  "apps\\web_v2\\components\\ui\\separator.tsx": 1775668259.4358513,
  "apps\\web_v2\\components\\ui\\sheet.tsx": 1775668261.9889543,
  "apps\\web_v2\\components\\ui\\sidebar.tsx": 1775755956.5221872,
  "apps\\web_v2\\components\\ui\\skeleton.tsx": 1775668259.586555,
  "apps\\web_v2\\components\\ui\\slider.tsx": 1775668259.6952276,
  "apps\\web_v2\\components\\ui\\sonner.tsx": 1775668259.812549,
  "apps\\web_v2\\components\\ui\\spinner.tsx": 1775668259.93478,
  "apps\\web_v2\\components\\ui\\switch.tsx": 1775668260.062491,
  "apps\\web_v2\\components\\ui\\table.tsx": 1775668260.1833794,
  "apps\\web_v2\\components\\ui\\tabs.tsx": 1775668260.2887897,
  "apps\\web_v2\\components\\ui\\textarea.tsx": 1775668260.4026065,
  "apps\\web_v2\\components\\ui\\theme-toggle.tsx": 1775753514.1434689,
  "apps\\web_v2\\components\\ui\\toggle-group.tsx": 1775668262.7963867,
  "apps\\web_v2\\components\\ui\\toggle.tsx": 1775668260.5003436,
  "apps\\web_v2\\components\\ui\\tooltip.tsx": 1775668260.613808,
  "apps\\web_v2\\hooks\\use-current-user.ts": 1775851151.6440156,
  "apps\\web_v2\\hooks\\use-mobile.ts": 1775668260.7222292,
  "apps\\web_v2\\lib\\api-client.ts": 1775851145.7600503,
  "apps\\web_v2\\lib\\api.ts": 1775753502.547296,
  "apps\\web_v2\\lib\\mock-data.ts": 1775751860.181576,
  "apps\\web_v2\\lib\\utils.ts": 1775668151.8931005,
  "apps\\api_v2\\vitest.config.ts": 1775850926.84201,
  "apps\\api_v2\\src\\app.module.ts": 1775850905.5015326,
  "apps\\api_v2\\src\\main.ts": 1775850913.7443166,
  "apps\\api_v2\\src\\common\\decorators\\current-user-id.decorator.ts": 1775850856.912251,
  "apps\\api_v2\\src\\common\\decorators\\public.decorator.ts": 1775850851.5768838,
  "apps\\api_v2\\src\\common\\guards\\clerk-auth.guard.ts": 1775862719.4455285,
  "apps\\api_v2\\src\\config\\env.ts": 1775756462.2082832,
  "apps\\api_v2\\src\\modules\\clerk\\clerk.module.ts": 1775756462.216876,
  "apps\\api_v2\\src\\modules\\clerk\\clerk.service.ts": 1775862697.6482937,
  "apps\\api_v2\\src\\modules\\health\\health.controller.ts": 1775862780.9281864,
  "apps\\api_v2\\src\\modules\\health\\health.module.ts": 1775756462.2178826,
  "apps\\api_v2\\src\\modules\\prisma\\prisma.module.ts": 1775756462.211512,
  "apps\\api_v2\\src\\modules\\prisma\\prisma.service.ts": 1775815246.5123267,
  "apps\\api_v2\\src\\modules\\redis\\redis.module.ts": 1775756725.3756342,
  "apps\\api_v2\\src\\modules\\redis\\redis.service.ts": 1775756725.3756342,
  "apps\\api_v2\\src\\modules\\users\\users.controller.ts": 1775862791.065593,
  "apps\\api_v2\\src\\modules\\users\\users.module.ts": 1775850884.4613364,
  "apps\\api_v2\\src\\modules\\users\\users.service.spec.ts": 1775851701.29281,
  "apps\\api_v2\\src\\modules\\users\\users.service.ts": 1775862786.9690661,
  "packages\\database\\prisma.config.ts": 1775817965.4873087,
  "packages\\database\\prisma\\seed.ts": 1775815256.5411808,
  "packages\\database\\scripts\\copy-generated.js": 1775815256.5421872,
  "packages\\database\\src\\prisma.ts": 1775862519.5068512,
  "packages\\database\\src\\generated\\prisma\\client.d.ts": 1775860418.748455,
  "packages\\database\\src\\generated\\prisma\\client.js": 1775860418.748455,